,0
0,10th Century
1,11th Century
2,12th Century
3,13th Century
4,14th Century
5,15th Century
6,16th Century
7,17th Century
8,18th Century
9,1917
10,19th Century
11,1st Grade
12,20th Century
13,21st Century
14,2nd Grade
15,40k
16,Abandoned
17,Abuse
18,Academia
19,Academic
20,Academics
21,Action
22,Activism
23,Adaptations
24,Adolescence
25,Adoption
26,Adult
27,Adult Fiction
28,Adventure
29,Aeroplanes
30,Africa
31,African American
32,African American Literature
33,African American Romance
34,African Literature
35,Agriculture
36,Aircraft
37,Albanian Literature
38,Alchemy
39,Alcohol
40,Algeria
41,Algorithms
42,Aliens
43,Alternate History
44,Alternative Medicine
45,Amateur Sleuth
46,Amazon
47,American
48,American Civil War
49,American Fiction
50,American History
51,American Revolution
52,American Revolutionary War
53,Americana
54,Amish
55,Amish Fiction
56,Anarchism
57,Ancient
58,Ancient History
59,Angels
60,Angola
61,Animal Fiction
62,Animals
63,Anime
64,Anthologies
65,Anthropology
66,Anthropomorphic
67,Anti Racist
68,Apocalyptic
69,Apple
70,Archaeology
71,Architecture
72,Art
73,Art Design
74,Art History
75,Art and Photography
76,Arthurian
77,Artificial Intelligence
78,Asexual
79,Asia
80,Asian Literature
81,Aspergers
82,Astrology
83,Astronomy
84,Atheism
85,Audiobook
86,Australia
87,Autobiography
88,Aviation
89,BDSM
90,Baha I
91,Bande Dessinée
92,Bangladesh
93,Banking
94,Banned Books
95,Baseball
96,Basketball
97,Batman
98,Battle Of Britain
99,Bdsm
100,Beauty and The Beast
101,Beer
102,Belgian
103,Belgium
104,Benin
105,Biblical
106,Biblical Fiction
107,Biography
108,Biography Memoir
109,Biology
110,Birds
111,Bisexual
112,Bizarro Fiction
113,Boarding School
114,Book Club
115,Books About Books
116,Botswana
117,Boys Love
118,Brain
119,Brazil
120,Brewing
121,British Literature
122,Buddhism
123,Buffy The Vampire Slayer
124,Buisness
125,Business
126,Canada
127,Canadian Literature
128,Canon
129,Cars
130,Cartography
131,Cartoon
132,Category Romance
133,Catholic
134,Cats
135,Central Africa
136,Chapter Books
137,Chemistry
138,Chess
139,Chick Lit
140,Childrens
141,Childrens Classics
142,China
143,Chinese Literature
144,Choose Your Own Adventure
145,Christian
146,Christian Fantasy
147,Christian Fiction
148,Christian Historical Fiction
149,Christian Living
150,Christian Non Fiction
151,Christian Romance
152,Christianity
153,Christmas
154,Church
155,Church History
156,Cinderella
157,Cities
158,Civil War
159,Civil War History
160,Class
161,Classic Literature
162,Classics
163,Clean Romance
164,Climate Change
165,Climate Change Fiction
166,Climbing
167,Coding
168,Collections
169,College
170,Colouring Books
171,Combat
172,Comedy
173,Comic Book
174,Comic Strips
175,Comics
176,Comics Bd
177,Comics Manga
178,Coming Of Age
179,Comix
180,Communication
181,Computer Science
182,Computers
183,Conservation
184,Contemporary
185,Contemporary Romance
186,Cookbooks
187,Cooking
188,Counselling
189,Counter Culture
190,Counting
191,Couture
192,Cozy Mystery
193,Crafts
194,Crime
195,Criticism
196,Cross Dressing
197,Cthulhu Mythos
198,Cuisine
199,Culinary
200,Cult Classics
201,Cults
202,Cultural
203,Cultural Studies
204,Culture
205,Currency
206,Cyberpunk
207,Cycling
208,Czech Literature
209,Danish
210,Dark
211,Dark Fantasy
212,Dc Comics
213,Death
214,Democratic Republic Of The ...
215,Demons
216,Denmark
217,Design
218,Detective
219,Diary
220,Dictionaries
221,Did Not Finish
222,Diets
223,Dinosaurs
224,Disability
225,Disability Studies
226,Divination
227,Divorce
228,Doctor Who
229,Doctors
230,Dogs
231,Dragonlance
232,Dragons
233,Drama
234,Drawing
235,Dungeons and Dragons
236,Dutch Literature
237,Dying Earth
238,Dystopia
239,Earth
240,Eastern Africa
241,Eastern Philosophy
242,Ecclesiology
243,Ecology
244,Economics
245,Education
246,Edwardian
247,Egypt
248,Egyptian Literature
249,Egyptology
250,Electrical Engineering
251,Elves
252,Emergency Services
253,Engineering
254,English Civil War
255,English History
256,English Literature
257,Entrepreneurship
258,Environment
259,Epic
260,Epic Fantasy
261,Epic Poetry
262,Eritrea
263,Erotic Horror
264,Erotic Romance
265,Erotica
266,Esoterica
267,Esp
268,Espionage
269,Essays
270,Ethiopia
271,Ethnography
272,European History
273,European Literature
274,Evangelism
275,Evolution
276,Fables
277,Fae
278,Fairies
279,Fairy Tale Retellings
280,Fairy Tales
281,Faith
282,Family
283,Family Law
284,Fan Fiction
285,Fandom
286,Fantasy
287,Fantasy Romance
288,Far Right
289,Fashion
290,Fat
291,Fat Acceptance
292,Female Authors
293,Feminism
294,Fiction
295,Field Guides
296,Fighters
297,Film
298,Finance
299,Finnish Literature
300,Firefighters
301,Fitness
302,Flash Fiction
303,Folk Tales
304,Folklore
305,Food
306,Food History
307,Food Preservation
308,Food Writing
309,Food and Drink
310,Foodie
311,Football
312,Forgotten Realms
313,Fostering
314,France
315,French Literature
316,French Revolution
317,Funny
318,Futurism
319,Futuristic
320,Futuristic Romance
321,GLBT
322,Game Design
323,Gamebooks
324,Games
325,Gaming
326,Gardening
327,Gastronomy
328,Gay
329,Gay Fiction
330,Gay For You
331,Gay Romance
332,Gender
333,Gender Studies
334,Gender and Sexuality
335,Genderqueer
336,Genetics
337,Geography
338,Geology
339,Georgian
340,German History
341,German Literature
342,Germany
343,Ghana
344,Ghost Stories
345,Ghosts
346,Glbt
347,Gnosticism
348,Go
349,God
350,Goddess
351,Gods
352,Golden Age Mystery
353,Google
354,Gothic
355,Gothic Horror
356,Gothic Romance
357,Government
358,Grad School
359,Graphic Non Fiction
360,Graphic Novels
361,Graphic Novels Comics
362,Graphic Novels Manga
363,Greece
364,Greek Mythology
365,Green
366,Guidebook
367,Guides
368,Hackers
369,Halloween
370,Hard Boiled
371,Hard Science Fiction
372,Harem
373,Harlequin
374,Harlequin Blaze
375,Harlequin Desire
376,Harlequin Heartwarming
377,Harlequin Historical
378,Harlequin Nocturne
379,Harlequin Romance
380,Health
381,Health Care
382,Herbs
383,Heroic Fantasy
384,High Fantasy
385,High School
386,Hinduism
387,Hip Hop
388,Historical
389,Historical Fantasy
390,Historical Fiction
391,Historical Mystery
392,Historical Romance
393,History
394,History Of Science
395,History and Politics
396,Hockey
397,Holiday
398,Holocaust
399,Horror
400,Horse Racing
401,Horses
402,Horticulture
403,How To
404,Hqn
405,Hugo Awards
406,Human Development
407,Humanities
408,Humor
409,Hungarian Literature
410,Hungary
411,Illness
412,India
413,Indian Literature
414,Indonesian Literature
415,Information Science
416,Inspirational
417,International
418,International Dev...
419,International Development
420,International Rel...
421,International Relations
422,Internet
423,Interracial Romance
424,Iran
425,Ireland
426,Irish Literature
427,Islam
428,Israel
429,Italian Literature
430,Italy
431,Ivory Coast
432,Japan
433,Japanese History
434,Japanese Literature
435,Jazz
436,Jewellery
437,Jewish
438,Josei
439,Journal
440,Journaling
441,Journalism
442,Judaica
443,Judaism
444,Juvenile
445,Kenya
446,Kids
447,Knitting
448,Komik
449,LGBT
450,Labor
451,Language
452,Latin American
453,Latin American Literature
454,Law
455,Lds
456,Lds Fiction
457,Leadership
458,Lebanon
459,Led Zeppelin
460,Legal Thriller
461,Lesbian
462,Lesbian Fiction
463,Lesbian Romance
464,Lgbt
465,Liberia
466,Library Science
467,Light Novel
468,Linguistics
469,Literary Criticism
470,Literary Fiction
471,Literature
472,Local History
473,Logic
474,London Underground
475,Love
476,Love Inspired
477,Love Inspired Historical
478,Love Inspired Suspense
479,Love Story
480,Lovecraftian
481,Loveswept
482,Low Fantasy
483,M F M
484,M F Romance
485,M M Contemporary
486,M M F
487,M M Fantasy
488,M M Historical Romance
489,M M M
490,M M Paranormal
491,M M Romance
492,M M Science Fiction
493,Magic
494,Magical Realism
495,Magick
496,Mail Order Brides
497,Mali
498,Management
499,Manga
500,Manhwa
501,Maps
502,Marathi
503,Maritime
504,Marriage
505,Martial Arts
506,Marvel
507,Mathematics
508,Media Tie In
509,Medical
510,Medicine
511,Medieval
512,Medieval History
513,Medieval Romance
514,Medievalism
515,Memoir
516,Menage
517,Mental Health
518,Mental Illness
519,Mermaids
520,Metaphysics
521,Microhistory
522,Middle Grade
523,Military
524,Military Fiction
525,Military History
526,Military Romance
527,Military Science Fiction
528,Mills and Boon
529,Mine
530,Mira
531,Mixed Martial Arts
532,Mmorpg
533,Modern
534,Modern Classics
535,Money
536,Mormonism
537,Morocco
538,Motorcycle
539,Mountaineering
540,Movies
541,Mozambique
542,Murder Mystery
543,Museology
544,Museums
545,Music
546,Music Biography
547,Musicals
548,Musicians
549,Muslimah
550,Muslims
551,Mystery
552,Mystery Thriller
553,Mysticism
554,Mythology
555,Namibia
556,Native Americans
557,Natural History
558,Nature
559,Nazi Party
560,Nerd
561,Neuroscience
562,New Adult
563,New Adult Romance
564,New Age
565,New Testament
566,New Weird
567,New York
568,Nigeria
569,Nobel Prize
570,Noir
571,Nonfiction
572,Nordic Noir
573,North American Hi...
574,Northern Africa
575,Novella
576,Novels
577,Nsfw
578,Number
579,Nursery Rhymes
580,Nurses
581,Nursing
582,Nutrition
583,Occult
584,Old Testament
585,Ornithology
586,Outdoors
587,Own
588,Paganism
589,Pakistan
590,Palaeontology
591,Paranormal
592,Paranormal Mystery
593,Paranormal Romance
594,Paranormal Urban Fantasy
595,Parenting
596,Peak Oil
597,Personal Development
598,Personal Finance
599,Philosophy
600,Photography
601,Physics
602,Picture Books
603,Pirates
604,Planets
605,Plantagenet
606,Plants
607,Plays
608,Plus Size
609,Poetry
610,Poetry Plays
611,Poland
612,Police
613,Polish Literature
614,Political Science
615,Politics
616,Polyamorous
617,Polyamory
618,Polygamy
619,Pop Culture
620,Popular Science
621,Pornography
622,Portugal
623,Portuguese Literature
624,Post Apocalyptic
625,Post Colonial
626,Poverty
627,Prayer
628,Prehistoric
629,Prehistory
630,Presidents
631,Princesses
632,Productivity
633,Programming
634,Prostitution
635,Psychiatry
636,Psychoanalysis
637,Psychological Thriller
638,Psychology
639,Pulp
640,Punk
641,Quantum Mechanics
642,Queer
643,Queer Lit
644,Queer Studies
645,Quilting
646,Rabbits
647,Race
648,Railways
649,Read For College
650,Read For School
651,Realistic Fiction
652,Reference
653,Regency
654,Regency Romance
655,Relationships
656,Religion
657,Research
658,Retellings
659,Reverse Harem
660,Road Trip
661,Robots
662,Rock N Roll
663,Role Playing Games
664,Roman
665,Roman Britain
666,Romance
667,Romania
668,Romanian Literature
669,Romanovs
670,Romantic
671,Romantic Suspense
672,Romanticism
673,Russia
674,Russian History
675,Russian Literature
676,Russian Revolution
677,Rwanda
678,Satanism
679,Scandinavian Lite...
680,Scandinavian Literature
681,School
682,School Stories
683,Sci Fi Fantasy
684,Science
685,Science Fiction
686,Science Fiction Fantasy
687,Science Fiction R...
688,Science Fiction Romance
689,Science Nature
690,Scotland
691,Scripture
692,Seinen
693,Self Help
694,Semiotics
695,Senegal
696,Sequential Art
697,Serbian Literature
698,Sewing
699,Sex Work
700,Sexuality
701,Shapeshifters
702,Shojo
703,Shonen
704,Short Stories
705,Short Story Collection
706,Shounen Ai
707,Sierra Leone
708,Siglo De Oro
709,Silhouette
710,Skepticism
711,Slice Of Life
712,Soccer
713,Social
714,Social Issues
715,Social Justice
716,Social Media
717,Social Movements
718,Social Science
719,Society
720,Sociology
721,Software
722,South Africa
723,Southern
724,Southern Africa
725,Southern Gothic
726,Soviet History
727,Space
728,Space Opera
729,Spain
730,Spanish Civil War
731,Spanish History
732,Spanish Literature
733,Speculative Fiction
734,Spider Man
735,Spiritualism
736,Spirituality
737,Splatterpunk
738,Sports
739,Sports Romance
740,Sports and Games
741,Spy Thriller
742,Star Trek
743,Star Trek Deep Space Nine
744,Star Trek The Next Generation
745,Star Trek Voyager
746,Star Wars
747,Steampunk
748,Storytime
749,Strippers
750,Students
751,Subways
752,Sudan
753,Superheroes
754,Superman
755,Supernatural
756,Surreal
757,Survival
758,Suspense
759,Sustainability
760,Swashbuckling
761,Sweden
762,Swedish Literature
763,Sword and Planet
764,Sword and Sorcery
765,Tanzania
766,Taoism
767,Tarot
768,Tasmania
769,Teachers
770,Teaching
771,Technical
772,Technology
773,Teen
774,Terrorism
775,Textbooks
776,The Americas
777,The United States Of America
778,The World
779,Theatre
780,Thelema
781,Theology
782,Theory
783,Theosophy
784,Thriller
785,Time Travel
786,Time Travel Romance
787,Traditional Regency
788,Tragedy
789,Trains
790,Transgender
791,Transport
792,Travel
793,Travelogue
794,Trivia
795,True Crime
796,True Story
797,Tudor Period
798,Turkish
799,Turkish Literature
800,Tv
801,Uganda
802,Ukraine
803,Ukrainian Literature
804,Unfinished
805,Unicorns
806,United States
807,Urban
808,Urban Fantasy
809,Urban Planning
810,Urban Studies
811,Urbanism
812,Us Presidents
813,Usability
814,Utopia
815,Vampires
816,Vegan
817,Vegetarian
818,Victor Frankenstein
819,Victorian
820,Video Games
821,Walking
822,War
823,Warcraft
824,Warfare
825,Web
826,Webcomic
827,Website Design
828,Weird Fiction
829,Weird West
830,Werewolves
831,Western Africa
832,Western Historical Romance
833,Western Romance
834,Westerns
835,Wicca
836,Wilderness
837,Wildlife
838,Wine
839,Witchcraft
840,Witches
841,Wizards
842,Wolves
843,Womens
844,Womens Fiction
845,Womens Studies
846,Wonder Woman
847,Woodwork
848,World History
849,World Of Darkness
850,World Of Warcraft
851,World War I
852,World War II
853,Writing
854,X Men
855,Yaoi
856,Young Adult
857,Young Adult Contemporary
858,Young Adult Fantasy
859,Young Adult Historical Fiction
860,Young Adult Paranormal
861,Young Adult Romance
862,Young Adult Science Fiction
863,Young Readers
864,Yuri
865,Zen
866,Zimbabwe
867,Zombies
868,漫画
